,dG_mean,dG_stdev
0,1.3725399980060755,3.45730788847068
1,1.5276699943672865,3.4641006007332895
2,1.4251699898745864,3.317446043865049
3,1.5215699958149345,3.4136378983330324
4,1.3028199916947634,3.4825044804654564
5,1.5937999923173338,3.445110507431153
6,1.4293899902664124,3.479939485675475
7,1.4837399913594127,3.383472198684537
8,1.5555899934973567,3.240005691375544
9,1.2155999915059656,3.364280094699184
10,1.4171599934399128,3.513717372326058
11,1.351489997362718,3.521735846324464
12,1.2901299925055354,3.5150785764365953
13,1.673419994469732,3.4265632337243406
14,1.5148299915250392,3.3006153139696224
15,1.4050799952708184,3.5273561014323125
16,1.5241499938443304,3.4596130372032223
17,1.3924999913573266,3.3937021126521425
18,1.4282499975673855,3.440798991005818
19,1.3674399941451847,3.405232874323097
20,1.5937199915759266,3.5614249107941816
21,1.3457399935498833,3.4745200384700032
22,1.5198899932950736,3.395898288990926
23,1.4473399946969003,3.4634797779106323
24,1.4993699945379049,3.5305216930045575
25,1.387819989454001,3.518156229282688
26,1.5309999901484699,3.4971617986110655
27,1.5208999898284674,3.440916596840081
28,1.4457099984437227,3.457367577662869
29,1.7135299955047667,3.305744380060545
30,1.5323799918554724,3.447154504541214
31,1.2609499913882465,3.390652011430076
32,1.6201699966471643,3.3379367484024702
33,1.5579799914099277,3.38436760850611
34,1.5270699963178485,3.382103522635228
35,1.5758099926933646,3.4610388084570394
36,1.5437799894474447,3.5420956440371247
37,1.4566899931859225,3.318031672996703
38,1.4780899887103587,3.455606571875818
39,1.3271999929416924,3.4464462615242204
40,1.4302899905461819,3.468361758227056
41,1.5509799981564283,3.256308753383307
42,1.5783399995826184,3.3216052593755707
43,1.3544899938944728,3.509279588934485
44,1.5134299901220947,3.3402813634933204
45,1.5717799903266132,3.3454433387850377
46,1.461609996344894,3.4598264419939095
47,1.4555199952423572,3.2973266742315337
48,1.3912399880588056,3.4378006578569846
49,1.6482399949468671,3.4134614033010666
50,1.4864199906773865,3.4945213462368017
51,1.6505199913922697,3.336532872277078
52,1.28252999227494,3.4784236319201045
53,1.3239099891912192,3.5036890052706857
54,1.4634199927877636,3.431530295282405
55,1.5489599971789867,3.486905094119973
56,1.4413299881108106,3.508125116658869
57,1.5482199910916388,3.452900149734198
58,1.4324299918543548,3.34718437502092
59,1.6017599870450794,3.497985954949023
60,1.508539993142709,3.4199348823180586
61,1.4590199971795081,3.4529468996972303
62,1.3337599940374494,3.504306059396033
63,1.4213299924675376,3.4298761098418358
64,1.422919987220317,3.473975874368868
65,1.3471799924001098,3.3647268643011725
66,1.3709299935139716,3.467126493303623
67,1.5840499906223267,3.462744856116264
68,1.399829991389066,3.4575350967935554
69,1.3107799924742431,3.4604811610171518
70,1.4628899930752814,3.366329811381169
71,1.6704499970674516,3.360242437313144
72,1.466989990323782,3.4547612241785934
73,1.322719997588545,3.547152167935041
74,1.5565899904053657,3.4371941877679952
75,1.258379992634058,3.2830784375550617
76,1.4754499935358762,3.411872395406306
77,1.467599996585399,3.3688263664744444
78,1.2312599961366504,3.4622110164980384
79,1.591679992718622,3.3117550592600904
80,1.5332999943364412,3.4476749777609994
81,1.3332199984099715,3.448502413860827
82,1.4270699892994017,3.3222596966189677
83,1.6805199893452227,3.3330431367568965
84,1.3998099927101284,3.437676767036766
85,1.4156199933364988,3.351972717990808
86,1.5841399917025119,3.5191255376978425
87,1.4504999944213777,3.432784852134889
88,1.1845199901387096,3.386731706650674
89,1.4494799938052894,3.4664412001841973
90,1.4335599957592786,3.433410693873504
91,1.5690999895110727,3.5466070335897433
92,1.4126399958077818,3.5136028987307206
93,1.4160299927052111,3.545652327603932
94,1.6793499943558126,3.3116771810982217
95,1.7514199885409325,3.391916935008817
96,1.6349099961090834,3.3042171896868657
97,1.5153699906244873,3.4586217902617076
98,1.5249699848201126,3.501152213540596
99,1.5124599952362479,3.3863144353451005
100,1.4086099941059946,3.4902696621747045
101,1.472119991088286,3.292167454917136
102,1.47245999192819,3.3978656037887798
103,1.545749987507239,3.3561791771357727
104,1.5298799906875937,3.3545579136329664
105,1.467209996620193,3.389427644680953
106,1.188809990959242,3.523904223808395
107,1.5021199867855757,3.514530974707175
108,1.5526599923446776,3.4331021496598386
109,1.3638599918074905,3.503683857272785
110,1.6578599998820573,3.328564302146097
111,1.5072099953498692,3.3166311238513844
112,1.3926099966745824,3.499607119339087
113,1.560670000243932,3.3608790164448314
114,1.3908399939425289,3.436910090306898
115,1.4432199914604424,3.313084683558982
116,1.5199799921829253,3.441100036698555
117,1.3532999909222125,3.4951267464534426
118,1.588349989613518,3.4152230703681483
119,1.4244599876888095,3.597982535723424
120,1.4898999934401362,3.3316130203276813
121,1.3871899891085924,3.536059681300837
122,1.5040699918083846,3.2801536767485913
123,1.3027999973837285,3.5176843305132683
124,1.3422499922439457,3.4578900884615926
125,1.5318199942093342,3.4190750995589867
126,1.5130199934821575,3.468883238258336
127,1.5288399927336722,3.490723663581235
128,1.4579199911300094,3.4963354412675884
129,1.3496999921631068,3.3840732867800103
130,1.4935099909696727,3.4069227507254847
131,1.37426999534294,3.2854633918898486
132,1.6722499916348605,3.496180757343839
133,1.5631399958971888,3.5798937221061964
134,1.4811599949039518,3.377846844634808
135,1.5963200022112578,3.28562672207004
136,1.4940399947930127,3.4153295224766853
137,1.488799989266321,3.3635676870367335
138,1.4309099922459572,3.594716003585748
139,1.3745899953041225,3.5216798704864853
140,1.3986799870412796,3.5093044186985822
141,1.3723499933071435,3.548296590289632
142,1.5143499887306242,3.2685032076153857
143,1.6492499901782722,3.2648540811499114
144,1.4936499939896166,3.3470972833022072
145,1.468599993305281,3.399108927406375
146,1.5340299965906887,3.459207359407827
147,1.3279599941689522,3.427101212991819
148,1.512839987181127,3.4139662583636476
149,-3.545300071578473,7.797116881172596
150,-3.499950066851452,7.651671292711579
151,-3.6780900768972935,7.831948667064265
152,-3.475510069217533,7.759984167907673
153,-5.927539998872206,3.8649470050176244
154,-6.0605400091446935,3.819079623548633
155,1.4626799919586628,3.453014603187645
156,1.5371099929697811,3.2473535655254193
157,1.1566599924881011,3.497653228985039
158,1.3914999949783087,3.4986559531520336
159,1.3692999950461089,3.545709576223517
160,1.4821499949023127,3.5546014663305296
161,1.567469990869984,3.3481162388446766
162,1.5816799926850944,3.3215589713419997
163,1.5266199901308863,3.5235277016936335
164,1.5672499936502426,3.376004238501604
165,1.4504299946855754,3.384288346754066
166,1.2677699932195245,3.507109897326391
167,1.4357799903191626,3.610925260011697
168,1.51293999052234,3.439752783238817
169,1.3745699908751994,3.341883161622438
170,1.413769996425137,3.379589772863608
171,1.7606499936077744,3.3775379676247734
172,1.4523799959272146,3.4398918909559804
173,1.5783899872601033,3.5668899036125694
174,1.3097199939955027,3.554210821425615
175,1.5544399895500391,3.537258284966108
176,0.8962700070254505,3.6404990574265
177,-0.005229999618604779,3.2027733780359
178,1.0961600031536072,3.186949646817772
179,-1.5140599989928305,3.0171612051815937
180,-0.5149200017284602,3.2826848637567276
181,-2.3251800040192903,3.2759582541435748
182,0.7879299931135029,3.3472578714021193
183,-1.3890900092422962,3.276538482193562
184,-0.36578000108525155,3.7086898492295117
185,0.7019900050926954,3.4379287532732223
186,-1.6487999611385167,3.598552841044289
187,0.7145300018116831,3.3042478049821526
188,0.0038699952010065315,3.458090169032366
189,0.7949799925256521,3.392740545377003
190,1.420450000733137,3.499528156076742
191,-1.208019986929372,3.359211656089447
192,-0.062349991839379074,3.2723834574972277
193,-1.028140011139214,3.042382589472493
194,-4.561739998957142,2.1707162866462704
195,-2.720360041927546,1.1696638687067578
196,-0.5749099907130003,1.465383971277881
197,-2.6720599889680745,2.6423735372648807
198,-0.5854299915060401,1.43880971999631
199,-0.8570000096876175,1.783288098047692
200,-5.759049996275455,2.3691154057830275
201,0.184549996688962,1.7493641695305109
202,-2.405119978290051,2.020756538565382
203,-5.7180199983417985,2.969952194340798
204,-6.9233900037929414,3.3782115999892306
205,-8.970279956877231,3.6843100399991706
206,-7.639820017801598,4.360564064195808
207,-1.7566199762038885,1.179964466663401
208,-4.851170005062595,4.68258266362145
209,-0.6661400148421526,2.0797358842857325
210,0.5240199904553592,2.0412395466694746
211,0.2843999987989664,1.912711083783774
212,-1.1935600053872912,1.450831263994161
213,0.2991299943961203,1.9934344702781523
214,0.4637099890653044,2.0642799759614614
215,-0.5134500016979873,1.5737770444412764
216,-1.5751299945861101,2.171490439992182
217,0.21946999238245188,1.817614650722599
218,-0.5165400006361306,1.50022698901165
219,-0.43385000118613243,1.5178585813209877
220,-2.9183599073328077,3.233809569245146
221,-2.8050099047645927,3.2391515228214978
222,-7.004330004530027,3.943709501650025
223,-6.820260007329285,3.8858636415704972
224,-0.45650999998115005,1.6543121613140919
225,0.5391699931919575,2.1043298926501333
226,-1.1523100040853023,1.4584105030476011
227,-0.4687499979883432,1.5151090196850945
228,0.3186799950543791,1.9347260981748253
229,-2.9629799072556198,3.2102836275567346
230,-2.973699900750071,3.2500457357141124
231,0.567009989514947,2.124803952076428
232,0.31196999682858584,1.903202790018228
233,0.37308999491110445,1.94089216044259
234,-0.7648599988110364,1.6819699016064686
235,0.3845599922016263,1.849354225094659
236,0.16516999131441115,1.7209307411434374
237,0.20056999998167158,1.8517245952687176
238,0.10987000069022179,1.9390817696619207
239,0.0683699907399714,1.9566874808908854
240,0.1998799977749586,1.6343990878521588
241,0.061409986477345226,1.84656799429395
242,-1.0538099815864117,1.8841584060972958
243,-1.0212499858029187,1.8853484224367716
244,1.4982799923419952,1.7702181260450478
245,-6.192660087890923,1.0212918888518625
246,-3.47764996583201,2.841162159608597
247,1.7236799862384795,1.9197444160426382
248,-4.5205599616765975,1.4361179024842954
249,-4.134590074159205,2.1641270104687225
250,2.122989990949631,2.163477234143309
251,-5.519800012648106,1.358724845737466
252,-1.9799700461812317,2.0415895138860867
253,2.250099991798401,1.869469758901552
254,-3.8009399863034488,2.242808919196178
255,-0.7729200217314065,2.6971004146397455
256,2.4872799892425537,2.185219576229343
257,-5.658749989628792,1.6837556731965835
258,-1.393910002078861,2.6129349399529547
259,2.357539996266365,1.9858781284551887
260,-1.7088899901993573,4.254477976526942
261,1.25013999353908,2.525776438339382
262,2.724349995136261,1.6468474665460748
263,-5.600120190441609,5.67022196909005
264,0.8284800158478319,3.5078928707848354
265,-2.0495399342775347,4.821006483578326
266,1.425399994203821,2.8876933819874977
267,-2.9012299748547377,4.103335653989052
268,2.730019992187619,2.186982892343004
269,-0.23203002136945725,2.9767997461755247
270,2.881019990645349,2.042013937934957
271,2.1184299943447114,1.8093321582223179
272,-7.306370204210281,0.7307177523207228
273,-5.30368990278244,0.7056707728757194
274,-4.76607001581788,1.3648184512817234
275,-4.995689942285418,0.9464816544570775
276,-1.976610001495108,1.356692896694265
277,-2.7891599238738416,1.3141030392567334
278,0.31996999394893644,1.6209444500539878
279,0.4972799973487854,1.230703364267243
280,2.7799199895858764,1.6410378350997803
281,-5.488579924613237,3.8096986690705017
282,-5.419559927005321,3.64843599337246
283,-3.5690899973660706,3.741582351160905
284,-3.6234599986281246,4.2849453945938185
285,-4.92172993004322,4.156037749859314
286,-3.3359199965465813,3.8601261730337213
287,-4.689469994133338,4.22213997694913
288,-5.263979902151972,4.3275229808481175
289,-3.343529990749434,3.8422805015647996
290,-4.9401799948904666,4.1429167690055095
291,-5.494019903767854,4.024294410099056
292,-3.3460100753698496,2.9349595667168993
293,2.1580399758815765,1.3324894018804576
294,1.7862999729812146,1.5732193483320385
295,3.1124200188517572,1.5850161247706365
296,2.7231799966096877,1.6977199149380748
297,-4.744390021700412,2.0522061605805004
298,-3.48813007722795,5.578202087834557
299,1.1491700056381524,2.4069713782688313
300,1.6758599979281426,2.030454640755079
301,2.168130009902641,2.007171249398352
302,2.605299990432337,2.084745521220597
303,2.4430900027528404,2.092581358156177
304,1.8754199940562248,2.626686771064963
305,1.9461699978895486,2.3495191111266522
306,1.768639976490289,2.4184588039123014
307,2.421280000081286,2.2541658196952072
308,2.428210000811145,2.2388740680460284
309,2.2648000006917863,2.2468890005950057
310,2.4124399996511636,2.260134252631664
311,2.383009999400005,2.1016632043887493
312,2.215049997650087,2.19450134149912
313,2.443089997570962,2.299338753915547
314,2.366090002378449,2.1741970536329274
315,2.1482799941208213,2.09147823096261
316,2.3953500030785797,2.2751531992160623
317,2.2962900013346226,2.1936055552296154
318,2.423600003235042,2.233502687309483
319,2.3637900024112315,2.2593929544861346
320,2.2301099992878735,2.184899827221126
321,2.441020002961159,2.157853609756822
322,2.3974099976439027,2.188837673328752
323,2.4086800017543135,2.3055880030891065
324,2.2425099974274634,2.173829564271375
325,2.4615699973590672,2.2406049198945595
326,2.248250001691282,2.1941320438965874
327,2.3714099982902406,2.176452135730567
328,2.3939799982253462,2.1421690720399718
329,2.3993599968627097,2.200084990824589
330,2.3248300027139486,2.200874414570501
331,2.1774200001414865,2.1494425601520306
332,2.3579900033660235,2.1623457286674594
333,2.3101999961212276,2.106054542640387
334,2.433630000913516,2.3092156491665277
335,2.27420999738574,2.2583167119527885
336,2.419340000120923,2.1326863692771107
337,2.3214900023359806,2.198151466476378
338,2.281329999700189,2.2054949352298934
339,2.210459998689592,2.0787271042171502
340,2.381040002603084,2.2221350836034275
341,2.3066100034229455,2.1681469038132284
342,2.3354500008672474,2.2207854440598633
343,2.257670002259314,2.171349599061137
344,2.353570001862943,2.271267079567076
345,2.332990000374615,2.2160795435372687
346,2.429920001126826,2.138273605370743
347,0.9155299970079214,1.305708969253355
348,1.0092700016964227,1.599429765688057
349,2.357019993878901,2.12835252846082
350,2.4223700006902216,2.2156059392145244
351,2.2187099981680514,2.200483357635138
352,2.342830000311136,2.159830009185007
353,2.242609999626875,2.1522830404176276
354,1.5203599925786258,3.3585213050043725
355,-1.9548500159196556,3.4446516995279683
356,-1.0498100153319538,3.5944890548053
357,1.5361199969481676,3.1689540516795542
358,1.6259299998022616,3.389164975784938
359,1.4014699916336686,3.545025672084889
360,1.3070199872814119,3.51949202673576
361,1.5375899885296822,3.3627808021496572
362,1.459969995263964,3.436272171196825
363,1.2559999850634485,3.5796577596621444
364,1.2882599931806327,3.507964147593561
365,1.1037999907247722,3.434306449855034
366,1.2565499940346927,3.5433189620711687
367,-2.912759985739365,3.5891800362241524
368,-1.6134600057415664,2.6985285773344376
369,-3.7701199908033014,2.325887124029697
370,-1.714159977093339,3.5934775470968647
371,-2.563900018431246,3.1389169326068798
372,-4.934300002796576,2.9406023844399423
373,-6.953140117898584,2.6229402858156416
374,-1.905240011535585,3.62388833425296
375,-0.9356399980075657,3.3299008120542877
376,-0.058160004138946536,3.1528477130650563
377,-0.5976499991193414,3.164443745034609
378,0.6270099918507039,3.6267939623196708
379,0.34120999166555704,3.634551627795402
380,1.4137699959874153,3.175922941901337
381,1.4459099982045591,2.8728079698455526
382,1.6831299976948648,3.4178123129634357
383,-0.5491300091352314,3.561902196167853
384,-1.4614400198515505,3.769800321498659
385,-1.1995499744508415,3.501305007563878
386,1.2765599924121052,3.248970981867477
387,-0.8646900098957121,3.5070117993406984
388,-1.0051200035605579,3.2720307572401457
389,-1.1220200110450387,3.7201702994433994
390,-2.167410005170852,3.4222308439510587
391,0.22368999565765263,3.3870048060311215
392,-1.6054200143814088,3.112764508097009
393,-5.066210008975118,3.452836084857019
394,-2.9658100259229543,3.5804302541936273
395,1.0197400025948882,3.388174643290188
396,1.6111699933595955,3.6319251307083196
397,1.3169499980639667,3.455421574571544
398,-0.329270000083372,2.9080705981654145
399,1.1250599969569595,3.016398947258013
400,-1.1115399816967546,3.136398435336081
401,-1.7401699836719782,3.3762822685913543
402,1.0066699970383197,3.263182237137753
403,-0.4950399988256395,3.2325088030568807
404,0.6116799966059625,3.391457335143861
405,-0.6557800046447665,2.790648241528992
406,-1.458629999216646,2.624035983477943
407,-0.9634699998870492,3.419850435614683
408,0.4514099964350462,3.511121520238355
409,-1.2929300056993962,3.652532274000061
410,-0.6344700093492865,3.1299058802440127
411,-1.5893300081584603,3.508712509679995
412,-2.078580004831776,2.793302209722056
413,-2.154790015473962,3.4905055884824137
414,-1.2533899907562882,2.8828086237976223
415,-3.318520013384521,3.328495412851542
416,-3.7848300211895256,2.92758632977366
417,-3.0906799738463016,2.368352851905406
418,-2.4347500041648744,2.6013517605189356
419,-1.3419900080263614,3.551267602082501
420,-3.2046200230959805,2.9124072173984668
421,-1.1098900087550283,3.322325756119501
422,-4.232379994740709,1.8552041782572668
423,-4.369250002404675,2.5318743989505834
424,-5.329510022303089,2.412793122384961
425,-2.7352000017967075,1.8581656413697947
426,-0.24859999864175916,2.1344299574720607
427,-3.7372699997853487,2.6772076127550632
428,-1.450359993007034,1.434474490081565
429,-2.6788100215587765,2.4574562907708493
430,0.4241499989442527,2.3755951043223753
431,0.611730001764372,2.2509432507746743
432,1.137590000184253,2.4748929855014445
433,-1.2308000003155322,2.118047021877705
434,-0.297479996021837,2.092280776741296
435,-0.23884000165760516,3.4399367172340987
436,0.6760299937911332,2.3047316401789626
437,0.5010499961879105,1.6408140028803448
438,1.9722200016602873,2.2638910928758134
439,-1.5687400016486646,2.1556577274808033
440,2.953159998908639,1.6628101485094007
441,3.7866000179052355,1.7282863482416517
442,1.5454900096058846,1.835183523061937
443,3.5742800126858056,2.2177722409666902
444,2.4562800094000994,1.956003947179184
445,1.7409499976020306,2.5716076718270324
446,3.669670004040003,1.9124836243347882
447,-0.5226000183932483,3.8230845936616302
448,-1.0359799997024237,2.6662581360961557
449,-0.4070700103584677,3.9305585201960396
450,-0.44159002153761684,2.9150414997769842
451,0.12566000579297543,3.2496381256819116
452,0.8616999995410443,3.455313083101841
453,2.1726700010392817,3.2182324659843244
454,-1.630080028899014,5.37493314637923
455,-5.213549989411607,4.430498468814413
456,1.6234399928804486,2.5406315615218533
457,0.9935199952628464,3.6981469560579123
458,2.9465200164206324,1.9244456682549007
459,-1.323110003096983,3.5985233112367085
460,2.800649993754923,1.9156636652394168
461,0.27049999541416764,3.727364777889306
462,2.796139996422455,2.0744784607515006
463,-0.03176000776700676,3.5020738466993206
464,3.6291200053691863,1.790705961184077
465,-3.0060300251599403,2.9275383978457183
466,-2.06636000688374,2.2929160445513985
467,-1.3162800148706884,3.488063307349909
468,0.14267000055871903,2.3027712895680343
469,-3.0114500089883802,3.6074090463605875
470,-1.2413999988045543,1.9484176294041666
471,-0.09479000902548432,2.8152308642243833
472,-1.563989997215569,2.6245607994610425
473,-0.6904900066051632,3.351385169278915
474,0.3228399947024882,2.281843277019821
475,-2.024980036240071,2.927196233651104
476,-2.457930044643581,2.9127450408860907
477,-0.9256099936701357,3.282787860931131
478,-0.8249700190387667,3.3081556838501713
479,-1.4140199940651654,3.0594820195847974
480,-1.3081299948971719,3.0429931873224283
481,-0.23201999585703015,3.4174051123480234
482,-0.2054200020674616,3.469106270416306
483,-0.13127999831177295,3.332635670479904
484,-3.2273999953232706,2.893270231352123
485,-3.21644001599215,2.5815835161997596
486,-4.9693400043882425,2.7938349248779253
487,-3.4225400093179195,2.6393552270857508
488,-3.6806799956653267,2.858225101695893
489,-2.4196599980071185,3.0884237403941306
490,-4.873250045407564,3.3548938121924476
491,-4.694700045337901,3.270448811306319
492,-2.4309300088938324,2.7355112249935085
493,-2.941949976865202,2.581797372484072
494,-4.240380020715296,2.8086327871745183
495,-3.8194799941927196,2.7780910918295256
496,-3.439020006345585,2.9861389273283807
497,-1.3807899979390204,2.5125398046781364
498,-2.998629979936406,2.5941015024173804
499,-1.9474599947724491,3.129544251709325
500,-1.8793499955814332,3.0681636134403982
501,-2.232679995492101,2.8866698565362547
502,-3.342160045184195,2.9609276845780803
503,-3.8068300094064327,2.4464370522459755
504,-2.521260000100359,2.735260002490831
505,-2.6772299986965953,3.351912292433751
506,-1.7701300107892604,2.834335085124303
507,-3.418140005381778,3.2279025686212512
508,-2.011499984469265,2.9883477499896203
509,-0.9772300033606589,3.183540500116647
510,-2.1409300008937717,2.9614021071026566
511,-0.8221400002762675,2.6612526820805376
512,-0.4595999981481582,2.7784563852502946
513,-0.7246500018369406,3.3555632240672444
514,-0.6760000014305114,3.259136210553742
515,-3.3316800025850535,3.60417741994557
516,1.2297599966805428,3.4959270521644026
517,-2.3609399891793728,3.4295614989193433
518,-1.3002599892392754,3.230405561944732
519,1.1450899981614202,3.287236141827905
520,0.9349499921184034,3.844281716424846
521,0.7612499981038272,3.7071516000731632
522,-0.157550004882738,1.4481638335858622
523,0.5269099951200187,1.580701226097076
524,-0.3620099999923259,1.6487945477451393
525,-1.2031100039910525,1.4745551986337857
526,-1.155329992350191,2.0224070442050563
527,-1.4956100166980177,1.9481622324451082
528,-0.11054000843502582,2.070840981992772
529,-2.5093699867166577,1.8276487799294077
530,-0.5192700046505779,1.9156020525848936
531,-1.348409988258034,2.1524883958084526
532,-0.7708300037961453,2.323396008026421
533,-0.004760000331327319,1.8144057312201627
534,0.5332500001825392,1.9718358783723895
535,-0.6100600094962865,2.5193839428093163
536,0.32183000279963014,2.0471295856649854
537,0.9517899997383356,2.2874068451218994
538,-1.9684499933738262,1.648349802085718
539,-1.9079899901002646,1.6064525596988464
540,0.29235999636910853,1.679092745656144
541,-0.38642000191845,1.7014499757479744
542,0.4348599959388375,1.6825216704783321
543,-0.30405000209435823,1.6207669570960124
544,0.7585799998641014,2.007661726776173
545,0.775039997458458,1.9203768945241995
546,-6.164940016407519,3.5854209528335357
547,-3.389039998088032,2.361203402070887
548,-4.912139994505793,3.0977550212188922
549,-3.6128399916198104,3.4417363354057358
550,-3.400529989454895,3.5307296268239052
551,-1.8895899980925024,2.275879073674291
552,-1.7958600037507713,2.2968989263437134
553,-1.7083500007931143,2.42365092246538
554,-1.0488999969363213,2.595386101718789
555,0.25246999742835763,2.6046051957816507
556,-4.928959999967367,2.8341474816936545
557,-4.786150041047484,3.3676270920860922
558,-2.9436099753677847,2.5513946878438656
559,-2.370330009939149,2.7091835363576995
560,-4.304630017159507,2.7272815631746457
561,-1.488349996894598,2.54251862563234
562,-4.033970009841025,2.3609547958322468
563,-2.558310004627332,2.6949334541956818
564,-1.660640010567382,2.758342016219516
565,-1.938509978638962,3.049086489762484
566,-0.6037200020533056,2.740907693873312
567,-0.8752900039590895,3.2740017649828155
568,1.4285999975409358,3.3958915613139853
569,0.9678200002964586,3.4153527385398275
570,0.8788099994696676,3.8233839152552447
571,0.7357999927848577,3.7318863255390644
572,-5.046529999332503,2.6712463915249134
573,-4.811980044873431,3.3641864433097344
574,-2.960839973464608,2.5655833787220863
575,-2.434650010993704,2.6881851358537494
576,-4.134400013526902,2.70979920279362
577,-1.4548099987953902,2.53821542773756
578,-3.8692500099819154,2.450527279252214
579,-2.4104500009976326,2.7173518647243644
580,-1.6942100078836084,2.7805389179981987
581,-1.9077999808955937,2.965775255837996
582,-0.5277499980721623,2.7563167650295557
583,-0.5987799992654472,3.2701588262736956
584,1.3865499994736166,3.535200739094791
585,1.1667400013878941,3.106793505628233
586,0.9994799961075187,3.817360345068798
587,0.6731799977812916,3.763280865568028
588,-4.88465000446327,2.9092846740701632
589,-4.649470048666,3.419590061256432
590,-2.9441899798419326,2.606878849479451
591,-2.4810300108212977,2.6451460590644316
592,-4.146900011399761,2.7578676268965965
593,-1.505959995156154,2.5377309329221815
594,-3.964840010151267,2.409727202475093
595,-2.3943900031838568,2.7441683456609502
596,-1.7655000094398856,2.776179681234743
597,-2.057509975908324,2.9719730177479504
598,-0.7627300014570355,3.352732368927466
599,1.380849996611476,3.5993223005686366
600,1.2728099959585815,3.3209205397487973
601,1.1481099969837814,3.624954100413636
602,0.8749599963594228,3.30436001071202
603,-4.872790003225207,2.945856805426242
604,-5.002660051956773,3.476435774331965
605,-3.016849969983101,2.547302165545242
606,-2.39028000671044,2.7366864151908894
607,-4.248910012913868,2.7412702202105947
608,-3.944640014696866,2.404516847165256
609,-2.467730009879917,2.7580517097397417
610,-1.9478500145617872,2.818798070120384
611,-2.1293999810609967,2.8738103960311463
612,-0.6670999998953193,3.1886839034586614
613,1.3825600004103036,3.4539556901582342
614,1.1656999975889921,3.3936428810553054
615,0.9917699991632253,3.5889669869720784
616,1.0678199998568743,3.4627932217129573
617,-1.7644700057562441,2.908116565720157
618,-4.415989969793707,2.8239032425596418
619,-1.6177399912197143,2.857877266681826
620,-3.2596100057866426,2.931436636491801
621,-1.8425700080562384,3.057313915767042
622,-1.557829989561811,2.929814754850683
623,-1.355339995853603,3.009213459953132
624,-1.4446299986429512,2.933947661667589
625,-1.4776100051701069,3.020543029893524
626,0.7550599982347339,3.6400456823938354
627,0.5847699953932315,3.764149779481741
628,0.7663199986871332,3.3029817273263227
629,-0.8090299986898899,3.0289885130139833
630,1.0143499957956374,3.5460387241721447
631,-6.704349914552644,3.5268038253380283
632,-5.417679995100945,2.77103660400153
633,0.6828799986466766,1.679708280690666
634,-1.212229962762445,2.1715449798284223
635,0.6976199969351292,1.6631230051482078
636,1.2189099993109702,1.898818446343734
637,0.016230018746107817,1.9495743195298705
638,1.6342600066065789,1.971002498799203
639,0.0029199979323893785,2.3732495947322017
640,0.8835300069488585,2.3872411223746903
641,-0.3342899879589677,3.311809197136662
642,1.661739994108677,2.342041714632538
643,1.3154600040353834,2.2209409103928532
644,-1.4170200023893267,1.7693489689323718
645,-0.9536399914063514,1.7354834442014855
646,-0.9580800083074719,1.8926257362477967
647,0.5464700027741491,1.8452848058029063
648,-0.6585600021630525,1.940888333256619
649,-0.034790005918592215,2.483037704131914
650,-0.0772700022123754,2.0788464784592318
651,0.7456599957719445,2.229014347122643
652,0.5020800029207021,2.225254618056346
653,0.7474199962299317,2.5617098133658076
654,1.503269997958094,2.3592308135362785
655,1.0710299962647258,1.210877466460736
656,0.902939997781068,1.188570969116514
657,0.7830299974009395,1.0552911944127978
658,0.8333999953642488,1.1484213603476494
659,0.7298799986504019,1.0462682142505773
660,0.8246199951544404,1.0754169594784488
661,0.7709899955429137,1.0521112561617885
662,0.7362899979501962,1.0356557959062158
663,0.8208999968208373,1.095388048069994
664,0.7732499958239496,1.0430603606746367
665,1.0868999978080391,1.2377497282966154
666,0.779689996033907,1.0805053372788112
667,1.0487999967336654,1.1538597638497707
668,0.733289997830987,1.022372861699461
669,0.8051799955554306,1.0888050104430604
670,1.117459996379912,1.217260999656438
671,0.8319299968853593,1.1138308470017788
672,0.7659499978832901,1.086800297161507
673,1.1322799995355308,1.2794777116640663
674,0.7320999966450036,1.0688548005564817
675,0.8295099975913763,1.138147374306747
676,0.7954299976229667,1.09569211059744
677,0.7546399977244437,1.0433316131578452
678,1.004829996585846,1.114496553526975
679,0.7728999979421496,1.0993014048392802
680,0.8120799952633679,1.0963230609610575
681,0.7555699972696602,1.0711243934024162
682,0.8036599970795214,1.1422377106139041
683,0.8270699953995645,1.1560532381509123
684,0.8303699953556061,1.132910382214828
685,0.897289995033294,1.2143695192892396
686,0.7328399950228631,1.0399504383630185
687,0.7909299972765148,1.1204346591085956
688,0.7505999965071678,1.01524500860449
689,0.8168599958121776,1.0943639796490277
690,0.7629599949419499,1.0993142527369115
691,1.1485199951790273,1.2646643011138947
692,0.7041899967417121,0.96417432442951
693,0.7808499978147447,1.0556471786252846
694,0.759009995918721,1.053767291298622
695,0.7578899955786764,1.026432184486982
696,0.775599995713681,1.0472004677183753
697,0.8286699978597463,1.1044770339011587
698,1.54850999796018,1.6246508186875506
699,1.6014299969114363,1.6470162850203345
700,0.7980099972262978,1.0754106817758684
701,0.7454099957942962,1.0442746844132997
702,1.0358499991856516,1.166679683302629
703,1.0558799955025315,1.1688931613163625
704,0.8215299950093031,1.1173741253371237
705,1.0839399984963238,1.231385434694895
706,0.7951299960836768,1.1145607950505152
707,0.7743299973011016,1.0432347433278584
708,0.8136299969479441,1.1048526185365766
709,0.8224299950450659,1.1377884573466703
710,0.8564799963384867,1.1256697512486384
711,0.8593799945265055,1.1803094470665714
712,0.7539399950802326,1.0682185413717749
713,0.7426899962611496,1.1168288378758722
714,0.8153999937325715,1.0930427335475608
715,0.8041599961146713,1.1282793461275566
716,0.7648599967509508,1.1125192853824193
717,0.813899996817112,1.1117728994554463
718,0.7571599962227047,1.0849721273001818
719,0.7778199977315963,1.0663247372041686
720,1.0683299961127342,1.1889583272801623
721,0.794819997318089,1.1394747762317263
722,0.7972599950097501,1.0799584592521743
723,0.7181799968220294,1.0003991581931115
724,0.7743999968022108,1.0945927213276412
725,0.8064799944236875,1.1564910646834707
726,0.7445299960374833,1.0455134432878224
727,0.7908899964131415,1.1498025428992815
728,0.7940599985569715,1.1180157021120236
729,0.8437799955755472,1.1301392371460823
730,1.0309499974176288,1.1720616853570889
731,0.7419399962164461,1.099050418673535
732,0.7475199962630868,1.1155441856761545
733,1.0896199973803014,1.3909409919458828
734,0.7588699944652617,1.0977422249927036
735,0.744659995418042,1.0638119486193058
736,0.7876499971188605,1.0605702063057507
737,0.7716899949461221,1.0518021781801135
738,0.8542199964821339,1.1049717555911933
739,0.7782899965494872,1.0930839696799939
740,0.7568499968275428,1.0618462039438399
741,0.7674399970024824,1.0515520116881172
742,0.7697499942071736,1.128084751462506
743,1.088489998050034,1.1087417285010999
744,0.7543199976719915,1.0473580710711587
745,0.7682399972304702,1.1303003545909027
746,0.809109997421503,1.1311056097577574
747,1.1415200007371604,1.479590111949344
748,0.7821699972376227,1.1724495680539715
749,0.7438099968098104,1.0712635387911134
750,0.7561899947524071,1.0740672066703345
751,0.7520499965697527,1.0662990565420307
752,0.7035299971215427,0.9701595868863949
753,0.8132799960337579,1.1291255967563179
754,0.7273599966727197,1.0732793725022773
755,0.7473399984948337,1.0683908105977062
756,1.1229399991929532,1.2304468981483931
757,1.9039999972581862,1.873067914913699
758,1.0946699981577694,1.1968409616254196
759,0.7950899980403483,1.090914750405652
760,1.1100599982514978,1.20860986516502
761,0.8065899956151843,1.1447483821791973
762,0.7258799957409501,1.0891200150050975
763,0.7866599973663688,1.1479388623352378
764,1.0932099975757301,1.289321060710332
765,1.0673000001236796,1.2172705244937532
766,0.8555199970118701,1.1916498329217322
767,0.7619599976502359,1.1026864266119176
768,1.1000000001527368,1.234586819433023
769,0.8125299960114062,1.1222783435943648
770,0.8110899961441755,1.1405395642601133
771,1.8179599976949394,1.785803465616376
772,0.7603299962319434,1.0747863867034484
773,1.1197099972628057,1.1826562534587854
774,1.0714499986208976,1.1330964676486357
775,0.7970699953772128,1.1036531583517661
776,0.7773899979777634,1.0685615024086093
777,0.7675199957713484,1.0776172942639597
778,1.061619997549802,1.1520807136392468
779,1.1144999970048666,1.2456242403275237
780,0.7825499973073602,1.0482079895662901
781,0.7505499964356422,1.0392736804378446
782,1.1480699976868927,1.2301959094924952
783,0.81774999717623,1.1818568568299208
784,1.1795000050645321,1.5635274835393258
785,0.7786899980232119,1.0868740386024625
786,0.753129995483905,1.1035208596817643
787,0.8422099965736269,1.1601052535783178
788,0.8261599950231612,1.1204026205290825
789,0.7587199976444244,1.0989521168164174
790,0.8393699956387282,1.1505319137485936
791,0.7966299947686494,1.1040501445639228
792,1.128700000787154,1.4832340710123417
793,0.7588499973267316,1.11298381324519
794,0.810029995277524,1.084734749616758
795,0.8393499960750341,1.1567439054800157
796,0.7811699975132942,1.0699737013270196
797,1.051519995685667,1.165394561421404
798,-1.3589500010218472,3.3023931426913875
799,-2.2981099976114927,2.6466472296280936
800,-2.7431900067180397,2.471821019265056
801,-5.096610033195466,2.8191004756931286
802,-3.2165800139382483,2.421944418557032
803,-2.726690003445372,2.6265359649742206
804,-2.0738100051358344,2.0082945498633253
805,-0.3749399954173714,3.467698132338838
806,-1.894070020025596,3.833935012316275
807,-4.388550028141588,3.3722378710123566
808,-2.8767499879300593,3.187969114831019
809,-3.3255099854283037,4.831429347603683
810,-1.2835499728806317,3.7443171378484785
811,-1.7812899907939137,2.8445872143492568
812,-5.497269978528842,3.9285784460776263
813,-2.511840003591031,2.564992563347339
814,-0.7514200016744434,3.162321298161074
815,-2.400179981580004,4.939173915703481
816,-1.151639975944534,3.594075190873298
817,-0.03694999722577631,3.194771768747328
818,1.1608700033444912,2.8779202464366773
819,-0.9362800005190074,3.3508980055825712
820,-2.5597699798867106,4.771630772339125
821,-0.8969799975361675,2.9236649055169592
822,-0.35325999398343266,3.492081837300926
823,-0.5928100056070834,3.4753868359388744
824,0.5363599990811199,3.2129969793283935
825,-1.882690001755953,2.805861849914134
826,-2.3639800124242902,1.867706609514956
827,-1.7833399993497878,2.9034296405169973
828,-0.02787998937442899,3.0556273479700806
829,-2.3372599994130434,2.586894264372616
830,-2.367550007969141,2.8415303563196805
831,-0.628589991029352,3.2493353846545006
832,-2.805420003041625,2.450334848948196
833,-1.3927300051581115,3.1755096114795944
834,-2.5697599998265503,2.4582423325085894
835,-2.902580000963062,2.2963814974696715
836,-2.1674800000190735,2.6757806140512765
837,0.09480000449717045,3.1150344650589608
838,0.07541998994350434,3.4887400769139543
839,-1.822519984908402,2.819339815754876
840,-2.808660005066544,2.5131671323376414
841,-2.8565700042657554,2.455206502974775
842,-3.0143200108259918,2.546992580068253
843,-1.2790299826189875,3.095536189927469
844,-0.6514999949857593,3.1782968988769134
845,-1.7781799831576646,2.860080244396769
846,-0.7521999737285078,3.7444548403448827
847,-0.9345400053411722,3.4596815247485675
848,-0.2661299978401512,3.3852644121644877
849,-2.240989996438846,2.613846007696724
850,-2.8674600055590274,2.580912086359973
851,-0.9940799999255687,3.1392325707736672
852,-0.9890099994745105,3.10851187771633
853,-0.6958499885182827,3.186041634644249
854,-0.22667000215873123,3.449478664073199
855,-0.714440000699833,3.1417823198179313
856,-0.10665999570861459,3.2000240073867374
857,0.03911999717913568,2.9393042792275748
858,-0.42407998090982435,3.4916970547930313
859,-0.6727999817747623,3.1481239645739247
860,-0.20995000565424562,3.8180690977468212
861,0.0049599999785423276,3.0933701673719742
862,-0.0515799908824265,3.5136620475602744
863,2.7013299935776742,2.6074172876385777
864,-0.4283599907718599,4.842264807428613
865,-1.0293099875804037,3.0903889012824166
866,-0.1392200030516833,3.366515714632725
867,-0.06481000781804323,4.021305491292849
868,-2.4270799935609104,5.07654434320057
869,-1.1972500053830444,2.9501247389627543
870,-2.4027200015597043,2.591138365304421
871,-0.6829599993731826,3.102973908667355
872,-2.3907000040169804,2.595314921353919
873,-2.5734700263142587,2.1602584421341526
874,0.2060900030490011,3.3427047164025194
875,-3.0375999679788945,5.092360104573051
876,-1.0492399680968374,4.0060493391927015
877,-0.5339499990511686,3.4448875088147775
878,0.41650000972300766,4.787523635778064
879,-3.275999960873276,2.9501930038351216
880,-1.1376100023016333,2.958271660605236
881,-1.4124100115150213,3.142100950723406
882,-2.173139995969832,2.5847263586142675
883,-2.3795400019790978,2.5631699559782275
884,-0.9268100002389401,3.0830385931149933
885,-2.1835900043714793,2.6406339847308944
886,-0.7721799894310534,3.095151472353434
887,0.26692000572383406,3.160168781619793
888,-2.1017100024558606,2.688743949884654
889,-1.9159700022432953,2.8353887418492265
890,-2.0649700151234867,2.9567042570129436
891,0.09868001077696681,3.0680096186275922
892,-1.193990009399131,3.4512857396095473
893,-2.5221999849211425,2.206529515221455
894,-1.9449100109357387,3.0673576675380074
895,-4.079799988951534,4.712986757660287
896,-0.621579999845475,3.22682716046135
897,-1.2370399697199463,3.6925064367179177
898,-1.5791800022162497,2.813752435864885
899,0.16313999848254024,3.1443367364530466
900,-1.8531799821928143,2.8554884394183144
901,-2.564960002521053,2.5182960558783716
902,-1.0969700110517442,3.6729146239093056
903,-2.298590001920238,2.5534110395313476
904,1.5217199958972634,1.5855877888564238
905,1.4237099994122981,1.6047268094693685
906,1.5222500006202608,1.7194292187867164
907,1.5456399946827442,1.722364065115274
908,1.5537599968593567,1.7547873510206402
909,0.26013000661507246,1.5836499868175067
910,0.3706500061303377,1.6330677477152165
911,0.3118500061035156,1.567316265161118
912,0.2823700063396245,1.6729916568436367
913,0.34903000501915815,1.602695150810933
914,0.3249300061687827,1.6348209055071081
915,0.2422700061276555,1.6347554387135121
916,0.31382000640779734,1.6730326972399137
917,0.20516000700183212,1.6128800234732723
918,0.36660000606253745,1.6097419154662165
919,0.34777000671625136,1.6852787677174772
920,2.390450002225116,2.600319914064041
921,2.388210003497079,2.3853600794269565
922,2.3420600023791196,2.473742265538734
923,2.2005200044494124,2.7585217737331145
924,2.2318999999426303,2.7210611092931347
925,-0.041419994972646236,1.7738731529619456
926,0.15656000777892767,1.8796096797189008
927,0.11028000681102276,1.7871660571230648
928,0.09643000587262213,1.8172456445702896
929,0.038100006457418206,1.793120291233299
930,0.04777000612951815,1.8703937323200714
931,0.08102000725455583,1.823612776849147
932,0.1454500080551952,1.8491815453887663
933,-0.013189992623403668,1.7579623760943595
934,0.11462000582367182,1.8301840477750881
935,0.13593000669032335,1.8186512949556828
936,1.7414600025713445,2.4399941603938546
937,0.299679999826476,1.7830525870164753
938,0.24675999806635082,1.8546966081261187
939,0.23628999776765705,1.8223341500758026
940,1.6457800017222761,2.145215222863876
941,1.6384700007736683,2.036821181858262
942,1.6985500050075353,2.1039441014337266
943,1.5915000022351742,2.0642291814216764
944,1.7457900007478893,2.0276484285667475
945,1.7358800015039741,2.111807519564486
946,-2.380030034689233,3.6654312567404075
947,-1.2266500032301992,2.469179429435135
948,-2.196270014403388,3.579838723541362
949,-1.5018700019568205,2.749928881630832
950,-1.855450005237013,2.8468292637127472
951,-1.8156100089736282,2.9494038129651288
952,-2.8302699986547233,3.4896466301429636
953,-2.596859995916486,4.188971598434267
954,-1.0056300119254737,3.7690322791032003
955,-2.412370001580566,3.662800799579724
956,-1.2227300068121403,3.0613936449887365
957,-1.7761300002504141,3.7376520268827265
958,-2.28405003625527,3.510730432731044
959,-1.3553300007525833,2.5144943196461482
960,-2.2861200107764454,3.5086144370563814
961,-1.5534300024006515,2.7549309873997165
962,-1.9901600039470941,2.7973548191548696
963,-1.5961700037494302,3.0557635217268144
964,-2.925329999210313,3.5312674620324778
965,-2.840829998742789,4.180725055357178
966,-1.228930008392781,3.767205037906749
967,-2.4260299954321236,3.4981150273584922
968,-0.9959600036069751,3.0524452643340316
969,-1.672900000218302,3.825684651177511
970,-0.0552199962362647,2.24231825568898
971,-1.126859990350902,2.9812551700174077
972,0.04046000001765788,1.809508769380294
973,-1.6172499873694033,2.1683003584001272
974,-1.3041400021929295,2.7100090126504726
975,-0.7579400153178721,2.5222312833676797
976,-0.22155999999865889,2.164018065353971
977,-0.06638000153563917,1.8348169131620058
978,-1.1955099921002985,2.7937863986898095
979,-1.415580011630431,1.9890209415917084
980,-0.4836800011917949,1.9840596870317888
981,1.4475999882221222,1.5982813356653556
982,1.1489700047373772,1.6164922582715462
983,-3.055959996700287,1.6908971242420248
984,-1.7667199871316552,1.927369597305046
985,-3.6223399950116875,1.9880176948746449
986,-2.6403599894195797,3.1437818338068952
987,-4.222239966783673,1.5347022476235737
988,-2.4154699972458182,2.1502701041399086
989,-6.464410044200719,1.3070645359571285
990,-3.71731000389345,2.8683757942962718
991,1.0961300044059754,1.0916965328178814
992,1.9814400045871734,1.8079177281114116
993,1.0307299897391349,1.7229002878326134
994,-0.8465299953259527,0.9735093434484777
995,-3.5412700259387493,1.460580470830809
996,0.29518998952955006,1.9013051741997318
997,-1.898140007942915,1.8582162300623681
998,2.407509997125715,1.579558006765093
999,-1.8664600066673012,1.3670489707605322
1000,1.7792100030593574,1.2689550359785329
1001,-1.0079900103136896,1.4750729690701203
1002,1.2017300026845188,1.7148822465013354
1003,1.1246600004192442,1.8380590515064021
1004,-2.0361300009302794,2.6541475287274454
1005,-0.9964799945652485,1.9651517971196555
1006,-4.731939974503591,1.8285555536358382
1007,-4.974429973382502,1.9488820877924238
1008,-0.38682998677156866,1.9226231016369435
1009,0.30113999081403015,1.3813810154437802
1010,1.0958999997451901,1.7130736726763751
1011,-1.321550002936274,2.1503612555045533
1012,-0.4836900041885674,2.684969153893659
1013,-0.008350004203617574,2.4498901266972415
