,sequence,initial_structure,0.01,0.02,0.03,0.04,0.05,0.06,0.07,0.08,0.09,0.1,0.2,0.3,0.4,0.5,0.6,0.7,0.8,0.9,1,2,3,4,5,6,7,8,9,10,20,30,40,50,60,70,80,90,100,200,300,400,500,600,700,800,900,1000
0,UCUAGACCCGCAGCCAUAUACGGCAGCGGGAAAACACCCAAACCAUAUGAAACAGAACAAAGAACAGAUCACCAAACAGAA,......(((((.(((......))).)))))...................................................,-11.25240022,-11.12860016,-10.68500011,-10.9166001,-10.73920011,-11.07760014,-10.83240011,-10.6662001,-10.81460005,-10.94980008,-11.09900007,-11.03620006,-10.95680011,-11.27520009,-11.02640003,-11.08520015,-10.81480015,-11.04140015,-10.74160009,-11.03140008,-10.87440005,-11.29120012,-10.71859999,-11.34460011,-10.84180008,-10.85120005,-10.78580008,-11.2244001,-10.73940004,-11.10900012,-10.97640007,-11.04240013,-11.2206001,-11.10960019,-10.88240014,-10.84480004,-11.06200006,-10.92140017,-10.92780011,-10.92360012,-11.21200007,-11.20440014,-11.0672001,-11.19700011,-11.13920008,-11.02980011
1,UCUAGACCCGCAGCCAUAUACGGCAGCGGGAAAACACCCAAACCAUAUGAUUUACGGUUUCGGGAAACAGAACAAAGAACA,......(((((.(((......))).)))))...................................................,-10.88520008,-11.41539996,-11.87879999,-12.02499998,-12.37539987,-12.76999985,-12.78439989,-12.69419998,-13.33819994,-13.22139997,-13.26439992,-13.80279988,-14.2802,-14.27439991,-14.35519996,-14.53499983,-14.92779985,-14.83619982,-15.12559987,-15.92999981,-16.66379969,-16.72379978,-17.36219973,-17.93159969,-18.0361997,-18.36239969,-18.45019968,-18.29679968,-18.6655995,-18.69399948,-19.07319954,-18.76639965,-18.90439957,-19.0897995,-19.09599951,-18.96599951,-19.05439949,-18.86679947,-19.00699959,-18.89879963,-18.64879951,-19.0931995,-19.21239952,-18.96559956,-18.96139957,-18.84939957
2,UCUAGACCCGCAGCCAUAUACGGCAGCGGGAAAACACCCAAACCAUAUGCACACCGUAUCGUUCGGGAAACAGAACAAAGA,......(((((.(((......))).)))))..............................((((.(....).)))).....,-15.0636002,-15.09960018,-15.1052002,-15.07160019,-15.04920015,-15.1946002,-15.23980021,-15.13540016,-15.34520021,-15.3154002,-15.39380014,-15.14140017,-15.11780018,-14.9812001,-15.11380011,-15.0704001,-15.29780016,-14.91560013,-15.15580013,-15.17200012,-15.21780016,-15.09420012,-15.51400007,-15.61240004,-15.18740005,-15.54200012,-15.36500015,-15.4810001,-15.50520004,-15.76339993,-16.54119989,-16.19799994,-16.54199991,-16.90179987,-16.78639988,-17.02619989,-16.90799988,-18.02899971,-18.53899965,-18.54199957,-18.98119953,-19.16279949,-19.09719954,-19.52779942,-19.14519949,-19.37939945
3,UCUAGACCCGCAGCCAUAUACGGCAGCGGGACACAAACGACGACAUAUGAAACAGAACAAAGAACAGAUCACCAAACAGAA,....(.(((((.(((......))).))))).).................................................,-11.24119994,-11.14239997,-10.59280003,-10.94360002,-10.44139998,-10.8010001,-10.92600008,-10.38920004,-11.08840012,-11.16300003,-10.61420003,-10.5519999,-11.04180005,-10.62020001,-10.99980004,-10.91020001,-10.95319997,-10.67140003,-10.8648,-11.2736,-10.379,-10.91879993,-10.81980006,-11.17380004,-10.93180002,-10.64119998,-10.86620001,-10.51739998,-10.5454,-11.04480008,-11.09580009,-10.545,-10.28080005,-11.25260008,-10.92580009,-10.97500002,-11.10980002,-11.2294,-10.79379996,-10.74260001,-11.05659996,-10.68320004,-10.90360002,-10.71860004,-10.89040003,-11.02219998
4,UCUAGACCCGCAGCCAUAUACGGCAGCGGGACACAAACGACGACAUAUGUCGUCCAAACAGAACAAAGAACAGAUCACCAA,....(.(((((.(((......))).))))).).................................................,-13.36459997,-14.3405999,-14.81259984,-15.91979976,-16.17999975,-16.16959978,-16.16259985,-16.52219981,-16.44979979,-16.20819977,-16.72359983,-17.18439993,-17.23619986,-17.27879978,-17.07759981,-17.46479979,-17.61260002,-17.81019989,-17.64179989,-17.94299976,-17.80879982,-17.37659979,-18.08639973,-18.06019974,-17.63879978,-17.89039991,-17.97959974,-18.10139984,-17.74179981,-17.80359982,-17.69100002,-17.87239988,-18.1811997,-17.7755998,-17.90839977,-18.20719975,-18.14119978,-18.07739985,-18.13639971,-18.4097998,-18.37259968,-18.41979975,-18.3385997,-18.51159966,-18.5591996,-18.41059956
5,UCUAGACCCGCAGCCAUAUACGGCAGCGGGACACAAACGACGACAUAUGGACAAUUUAUAUAUCGUCAAACAGAACAAAGA,....(.(((((.(((......))).))))).).................................................,-10.97439989,-11.17579996,-11.43320009,-11.26420009,-11.80459999,-11.80940002,-11.94080001,-12.30920002,-12.32780003,-12.36580001,-12.81140004,-13.44999999,-14.13120001,-14.52999996,-14.77779994,-15.04799996,-15.02979992,-15.14960007,-15.93379995,-15.90259989,-16.93839993,-16.62520002,-17.18800003,-17.31400003,-17.24039988,-17.58339989,-17.85859989,-17.836,-18.10939997,-18.10419993,-18.80099997,-18.46300003,-18.69099998,-19.03959995,-18.8829999,-19.2432,-19.03719994,-19.47919998,-19.16699997,-19.1887999,-19.38179985,-19.06159996,-18.74979992,-18.97699986,-19.06819994,-18.98599991
6,UCUAGACCCGCAGCCAUAUACGGCAGCGGGAAAAUAACGAGCACAUAUGAAACAGAACAAAGAACAGAUCACCAAACAGAA,......(((((.(((......))).)))))...................................................,-10.74460016,-10.51820012,-10.84780015,-10.37740008,-11.01120007,-11.13940008,-10.71260009,-10.65940011,-10.63040015,-10.92800014,-10.22340003,-10.92600004,-10.59040009,-10.43520009,-10.6722,-11.01440008,-10.68420005,-10.87420007,-10.77200006,-10.43020004,-10.9260001,-11.08680005,-10.75520007,-11.0518001,-10.71640011,-10.85060004,-10.93140007,-10.4392001,-10.48840004,-10.94220002,-10.39520005,-10.66240007,-10.63180006,-10.65380008,-10.99960008,-10.53100004,-10.91060007,-10.84620012,-10.82560012,-10.94260006,-10.47500008,-10.29720008,-10.80520009,-10.8038001,-10.73420004,-11.03980014
7,UCUAGACCCGCAGCCAUAUACGGCAGCGGGAAAAUAACGAGCACAUAUGGUGCUCAAACAGAACAAAGAACAGAUCACCAA,......(((((.(((......))).)))))...................................................,-11.4248001,-12.34180007,-13.40840006,-14.0554002,-14.5654002,-15.00140015,-14.75220022,-15.39900021,-15.55220018,-15.46300028,-16.91100032,-17.22400032,-17.69360031,-17.99920038,-18.33060038,-18.79500046,-18.51400028,-18.62580042,-18.60540043,-18.99300032,-19.34520046,-19.55220051,-19.32260052,-19.50960047,-19.57300053,-19.7702005,-19.66380054,-19.59440048,-19.78920048,-19.65720055,-19.67680046,-19.6776005,-19.75880047,-19.84020058,-19.57400047,-19.6206004,-19.84760052,-19.67300045,-19.72340042,-19.8200005,-19.96080055,-19.86080059,-19.86380047,-19.65420046,-19.99660057,-20.03140053
8,UCUAGACCCGCAGCCAUAUACGGCAGCGGGAAAAUAACGAGCACAUAUGGUGGGCCAAUCAUAUAAGUUCAAACAGAACAA,......(((((.(((......))).)))))....................................((((.....))))..,-14.43559992,-14.96179976,-14.83739986,-14.95939983,-15.4547998,-15.49159979,-15.38719974,-15.5097998,-15.55759979,-15.55779978,-15.7203998,-15.78219976,-15.93179974,-15.71919989,-15.90939989,-15.77699987,-15.95299982,-16.08439974,-16.1719998,-16.12439985,-16.13119993,-16.29319996,-16.36499996,-16.33019999,-16.46260008,-16.61680008,-16.54660002,-16.58039999,-16.89440014,-17.32340014,-17.71320021,-18.09480013,-17.75260006,-18.07820013,-18.12820009,-17.91740005,-18.25820013,-18.48400009,-18.31120012,-18.48860006,-18.47460007,-18.29560003,-18.41160004,-18.55700008,-18.30120005,-18.32140009
9,UCUAGACCCGCAGCCAUAUACGGCAGCGGGAAAAUAACGAGGCCAUAUGAAACAGAACAAAGAACAGAUCACCAAACAGAA,......(((((.(((......))).)))))...................................................,-10.73660018,-10.55440013,-10.76480011,-10.88020012,-10.36920008,-11.06860011,-10.55880006,-10.75180004,-10.5506001,-10.60700008,-10.43600009,-10.81280008,-10.79480002,-10.81240002,-10.44260005,-10.81220005,-10.8118,-10.52020005,-11.02600005,-10.90880011,-10.59960007,-10.86280005,-10.58300011,-10.86100005,-10.74720007,-10.64860007,-10.53340003,-10.80800005,-10.85240007,-10.51960007,-10.80280004,-10.8804001,-10.8628,-10.7430001,-10.55320006,-10.96640006,-10.70479999,-10.78640006,-10.81320006,-10.48200006,-10.74020002,-11.06680004,-10.82360003,-10.74600001,-10.97520004,-10.86840011
10,UCUAGACCCGCAGCCAUAUACGGCAGCGGGAAAAUAACGAGGCCAUAUGGUCUCCAAACAGAACAAAGAACAGAUCACCAA,......(((((.(((......))).)))))...................................................,-11.72020005,-12.8088001,-13.27940007,-13.67440006,-13.34580014,-13.96020017,-13.48160013,-14.14940002,-13.77800011,-14.16620012,-15.07000011,-16.15040024,-16.43480034,-16.23220022,-16.51440027,-16.75980026,-16.57240015,-16.71020012,-16.53340014,-16.9704003,-17.48720032,-17.63140032,-17.80040018,-17.84200031,-17.75040041,-17.70300028,-17.74740021,-17.9038003,-17.79180021,-17.74520027,-17.9506003,-17.79760021,-18.11540033,-17.96360033,-17.94200027,-17.91720026,-17.71640026,-18.04600025,-18.05480021,-17.83060028,-18.16620029,-18.18300026,-18.12780029,-18.21120029,-17.92460024,-17.86760023
11,UCUAGACCCGCAGCCAUAUACGGCAGCGGGAAAAUAACGAGGCCAUAUGAUUCAUACAGAUUAUAUCGUUUCCAAACAGAA,......(((((.(((......))).)))))...................................................,-10.53440003,-11.13660009,-11.09560004,-11.07020009,-11.44259998,-11.4332001,-11.22259995,-11.31180005,-11.20920002,-11.42240002,-11.27640001,-11.64300005,-12.23260002,-11.93480006,-12.44959995,-12.85720001,-12.70360003,-12.98879999,-13.3974001,-13.90720005,-14.22840005,-14.68799999,-14.39380011,-14.4976,-14.94420006,-14.93180008,-14.58220001,-14.88560011,-15.2508,-15.7226,-15.50879999,-15.58039999,-15.52219999,-16.08279999,-15.694,-15.89599997,-16.09539995,-15.98839993,-15.94959999,-15.91899988,-15.92539989,-15.78319994,-15.79319996,-16.28619997,-15.87299995,-15.89439993
12,UCUAGACCCGCAGCCAUAUACGGCAGCGGGAAAACAAGGAGCACAUAUGAAACAGAACAAAGAACAGAUCACCAAACAGAA,......(((((.(((......))).)))))...................................................,-10.8882002,-10.28200008,-10.73360016,-10.50680003,-10.35160007,-10.37620008,-10.00860003,-10.57560004,-10.3098,-10.38980008,-10.7168,-10.39580005,-10.07159997,-10.70500006,-10.52480009,-10.37840001,-9.909600067,-10.16780005,-10.29240005,-10.44540005,-10.6070001,-10.39960001,-10.24300002,-10.46939999,-10.41260008,-10.33160004,-10.46220002,-10.12260004,-10.39740003,-10.15240005,-10.17260004,-10.26700003,-10.68340005,-10.32039999,-10.57220007,-10.00860001,-10.63920007,-10.66940001,-10.46400003,-10.29700003,-10.21540003,-10.33660011,-10.07160005,-10.64080005,-10.27400002,-10.61600008
13,UCUAGACCCGCAGCCAUAUACGGCAGCGGGAAAACAAGGAGCACAUAUGCUCCAAAAACAGAACAAAGAACAGAUCACCAA,......(((((.(((......))).)))))...................................................,-12.71280021,-14.59380017,-16.77480008,-17.03159988,-18.27900003,-18.45580006,-18.71559999,-18.94600003,-18.80480001,-18.64620005,-19.48420004,-19.41560007,-19.26039999,-19.34280006,-19.41460019,-19.61960001,-19.61960005,-19.77419989,-19.48419994,-19.70379993,-19.65720016,-19.6192001,-19.60680004,-19.73200008,-19.85679996,-19.71200008,-19.66760017,-19.74419994,-19.98959988,-19.59040005,-19.70639999,-19.84159992,-19.35200003,-19.79420006,-19.64579998,-19.61859997,-19.8062001,-19.61800007,-19.41640011,-19.72640001,-19.76040005,-19.71400002,-19.68,-19.51459993,-19.51800014,-19.78739998
14,UCUAGACCCGCAGCCAUAUACGGCAGCGGGAAAACAAGGAGCACAUAUGAUUACAGGUCAUAUCCGUUUCAAACAGAACAA,......(((((.(((......))).)))))...................................................,-11.31740009,-11.52260006,-11.73100003,-12.60939998,-12.6044,-12.86759996,-12.78299997,-12.42679996,-13.17399998,-12.7832,-13.4161999,-13.63179991,-14.23439989,-14.57139986,-14.90479996,-14.93859992,-14.7421999,-14.77459991,-15.0079999,-15.38319991,-15.85899994,-16.49819983,-16.28839983,-17.06999992,-17.26679981,-17.63499975,-17.56739979,-17.85539978,-18.49059967,-18.66479965,-18.66019972,-18.79579969,-18.82539963,-18.78079964,-18.69299969,-18.71619968,-18.74619961,-18.70859968,-18.77219967,-18.75859966,-18.92719963,-18.77919964,-18.77019972,-18.57319981,-18.71079962,-18.67539967
15,UCUAGACCCGCAGCCAUAUACGGCAGCGGGAAAAUAAGGAGGACAUAUGAAACAGAACAAAGAACAGAUCACCAAACAGAA,......(((((.(((......))).)))))...................................................,-10.8340002,-10.57840013,-10.15820014,-10.7284001,-10.6948001,-10.96280008,-10.54400006,-10.16880001,-10.55800005,-10.80220015,-10.66640003,-10.3288,-10.63400011,-10.75080009,-10.52040006,-10.53920006,-10.70540009,-10.23860003,-10.61900003,-10.23519999,-10.47100009,-10.4276001,-10.5656001,-10.87580002,-10.32300009,-10.17440005,-10.69459999,-10.43480004,-11.03360008,-10.91340008,-10.75600004,-10.57320009,-10.58860003,-10.80720009,-10.58160006,-10.42540006,-10.61140003,-10.40980007,-10.35920009,-10.54720001,-10.44220006,-10.38980008,-10.54980009,-10.53660005,-10.60920006,-10.23400006
16,UCUAGACCCGCAGCCAUAUACGGCAGCGGGAAAAUAAGGAGGACAUAUGGUCCUCAAACAGAACAAAGAACAGAUCACCAA,......(((((.(((......))).)))))...................................................,-12.18840007,-13.14580016,-13.76920016,-13.56740004,-14.15680008,-14.12059999,-14.41040004,-14.01000001,-14.31060007,-13.8832,-15.79720003,-16.4382,-16.24759998,-16.46660004,-16.68160003,-17.2110001,-17.00500006,-17.20360001,-17.02459994,-17.22899992,-17.27140002,-17.98799992,-18.6798,-18.55980001,-19.02320007,-18.92439983,-18.95519991,-19.10859995,-19.34460007,-19.44539995,-19.51279997,-19.49320009,-19.79360001,-19.72859999,-19.73380003,-19.60380009,-19.80800011,-19.94920002,-19.82139988,-20.0698,-19.92600002,-19.84120003,-19.85700012,-19.82539997,-19.77060005,-19.89579994
17,UCUAGACCCGCAGCCAUAUACGGCAGCGGGAAAAUAAGGAGGACAUAUGAAGUUCACUUUAUAUCUUUUCAAACAGAACAA,......(((((.(((......))).)))))...................................................,-10.65200016,-10.76900013,-10.82280007,-10.79260007,-10.56320004,-10.84280005,-11.07920007,-10.856,-11.17359997,-11.54420002,-12.44319995,-12.91519991,-12.95259994,-13.42539993,-13.73099993,-13.8107999,-13.91599989,-13.91699993,-14.13940002,-14.62879992,-15.06899988,-14.79259991,-14.8949999,-15.64199993,-15.40599991,-15.56259996,-15.72219984,-16.02919987,-15.52439983,-15.72239985,-16.22959993,-16.03819994,-15.97059984,-15.78159983,-15.89219982,-15.77159998,-16.00359989,-16.06879984,-15.87319988,-15.94259993,-15.73059988,-15.81939985,-16.13339987,-15.78259979,-15.94479984,-16.0413998
18,UCUAGAACCCGCCAUAUACGGCGGGACACACACAAGGAGACCAUAUGAAACAGAACAAAGAACAGAUCACCAAACAGAA,.......((((((......))))))......................................................,-9.341000023,-8.825600019,-8.738400078,-8.782400017,-8.748400002,-8.656999989,-8.753199959,-8.668799982,-8.705000029,-8.603399963,-8.783200016,-8.678200006,-8.624400048,-8.749599953,-8.759199982,-8.812800007,-8.647999983,-8.950399971,-8.643599997,-8.312400026,-9.052199993,-8.913600006,-8.930800018,-8.548600006,-8.923800039,-9.130600033,-8.889400063,-9.220000029,-8.795999975,-8.827000012,-9.049599943,-8.735399981,-8.867799959,-8.824000034,-9.0396,-8.659199934,-9.068799963,-8.654200029,-9.188599997,-8.644799938,-8.472000027,-8.859200029,-8.720200005,-9.049600019,-8.655400004,-8.918399973
19,UCUAGAACCCGCCAUAUACGGCGGGACACACACAAGGAGACCAUAUGCAGGUCUCCAAACAGAACAAAGAACAGAUCAC,.......((((((......))))))......................................................,-10.22480001,-11.54100013,-12.46440014,-12.45900019,-13.07840014,-13.14420019,-13.2392002,-13.71040026,-13.52140027,-13.28500012,-14.39640017,-15.60060019,-15.66560023,-17.35540035,-17.27680024,-17.56680041,-17.62400036,-17.53200029,-17.92280028,-19.85180037,-20.61120047,-20.89140051,-21.22620066,-20.47520037,-20.8462005,-21.10900055,-21.1720006,-21.03380062,-20.82880039,-20.69720045,-20.86900051,-21.37760054,-21.10540051,-21.22940048,-21.36820045,-21.20580044,-21.38740053,-21.53000059,-21.64380047,-21.74140053,-21.75320057,-21.86640064,-21.75620056,-21.7614006,-21.62580055,-21.70120056
20,UCUAGAACCCGCCAUAUACGGCGGGACACACACAAGGAGACCAUAUGGAUACAUAUAUUUAUACGGUUUUCAAACAGAA,.......((((((......))))))......................................................,-8.763600063,-9.093800039,-8.883800092,-8.722400022,-9.240400143,-9.067000127,-8.995200047,-9.106000085,-9.276800089,-9.17160013,-9.794400129,-10.06740005,-9.815199995,-10.29720006,-10.15780004,-10.29140002,-10.5886,-10.2346,-11.14020002,-11.54040007,-12.70240005,-13.74500011,-13.87320004,-14.27660009,-14.76740011,-14.53820012,-15.0500001,-15.24960014,-16.14979992,-17.11719996,-17.39319986,-17.72699984,-17.8529999,-18.01479977,-17.61939981,-17.88679968,-18.09559977,-17.89839973,-17.97919987,-17.96799971,-18.23859974,-18.35079971,-17.86279974,-18.31599974,-18.29499977,-18.34959965
21,UCUAGAACCCGCCAUAUACGGCGGGACACACACAAGGAGACCAUAUGCCGGUUUCCAAACAGAACAAAGAACAGAUCAC,.......((((((......))))))......................................................,-9.38920001,-9.705600052,-10.45460009,-10.73640015,-10.14080013,-10.58900005,-11.05140011,-10.85820015,-10.9280001,-10.40340007,-12.41440022,-13.43900023,-13.51420026,-13.50820017,-13.76660025,-14.24160038,-14.40560034,-14.70540033,-14.7622004,-15.4754003,-17.07420042,-17.56440042,-17.8642005,-18.12860044,-17.7426005,-17.82700047,-17.81720042,-17.80960041,-18.0052005,-18.20980049,-18.0158005,-18.14840054,-17.98700052,-18.05620045,-17.92700035,-18.12520042,-17.9602005,-18.02020035,-18.07500044,-18.11220043,-18.12600052,-18.10280043,-18.03140045,-18.25060062,-18.2696006,-18.07120049
22,UCUAGAACCCGCCAUAUACGGCGGGACACACACAAGGAGACCAUAUGGCAAUCGGUUAUAUCGUUUUCAAACAGAACAA,.......((((((......))))))......................................................,-9.351599956,-9.422599936,-9.243999949,-9.482599945,-9.429599996,-9.507799954,-9.548599997,-9.772199984,-9.691199961,-9.900799952,-10.26000003,-10.31819999,-10.28139993,-10.81379998,-10.89819996,-11.09759995,-11.00619996,-10.86259997,-11.32019997,-11.35479997,-11.6573999,-11.90179996,-12.06259997,-12.17660005,-12.88739991,-13.51599993,-13.90519989,-13.79479996,-15.26579983,-15.51479986,-16.29159979,-16.29339975,-16.37519981,-16.57399975,-16.42639978,-16.46379983,-16.50979986,-16.33839981,-16.68239973,-16.65639978,-16.58699978,-16.56859989,-16.68599981,-16.62339983,-16.82119978,-16.52379982
23,UCUAGAACCCGCCAUAUACGGCGGGACACACACAAGGAGACCAUAUGUCUCCAAAACAGAACAAAGAACAGAUCACCAA,.......((((((......))))))......................................................,-10.34939993,-11.05219987,-12.35299982,-12.33359979,-12.65819976,-13.13199976,-13.07339985,-12.82059981,-12.9723998,-13.11179977,-13.72239984,-14.34579973,-14.39999988,-14.62679974,-15.27899968,-15.39959964,-15.45199973,-15.39639975,-15.64639965,-16.25219973,-17.01739964,-16.89739966,-17.21539961,-16.95519964,-17.09639961,-17.19979975,-16.98519978,-17.19519964,-18.0931995,-17.88479959,-18.51099947,-18.46019949,-18.14799974,-18.11879972,-18.19559961,-18.3573996,-18.20819969,-18.2591996,-18.38079964,-18.3659997,-18.32099962,-18.10899971,-18.4783996,-18.22039968,-18.40379959,-18.46799953
24,UCUAGAACCCGCCAUAUACGGCGGGACACACACAAGGAGACCAUAUGAUCAUUAAUUAUAUCGUUUUCAAACAGAACAA,.......((((((......))))))......................................................,-9.296000023,-9.132600021,-9.055599995,-9.198400011,-8.994600019,-8.496599965,-8.780000048,-8.601600037,-8.45420002,-8.762200003,-9.240200043,-8.810400085,-8.758000021,-9.190800037,-9.204400046,-9.498200016,-9.635600023,-9.821199989,-9.859200034,-9.824799995,-10.54660004,-10.99240006,-11.0262,-11.03000005,-11.04099997,-11.29240002,-11.24860001,-11.53220001,-13.48420006,-13.97020008,-13.97300003,-14.25220005,-14.18620008,-14.56680008,-14.49780006,-14.34180006,-14.09340008,-14.43540007,-14.5278001,-14.48600008,-14.34840004,-14.39960007,-14.21760002,-14.12620005,-14.33600004,-14.18500008
25,UCUAGAACCCGCCAUAUACGGCGGGACACACACAAGGAGACCAUAUGUCUUCCAAACAGAACAAAGAACAGAUCACCAA,.......((((((......))))))......................................................,-9.580600052,-9.730400076,-9.952800047,-9.782800007,-10.34900005,-10.51840007,-10.54700001,-10.6264,-10.67200003,-10.52759996,-10.90360003,-11.51180001,-11.48480003,-11.69279999,-11.46660007,-11.59260001,-12.09080001,-12.31880011,-12.11760008,-12.71560001,-12.83880007,-13.07440008,-13.21460011,-13.48260006,-13.06740015,-13.25460009,-13.05820009,-13.31960007,-13.81380013,-14.12380011,-14.31780012,-14.22620014,-14.33040012,-14.84480007,-14.6200001,-14.64320015,-14.78240009,-14.79500013,-14.82440016,-14.75200018,-14.69180004,-14.60560009,-14.87060013,-15.09580013,-15.18860018,-14.88240015
26,UCUAGAACCCGCCAUAUACGGCGGGACACACACAAGGAGACCAUAUGACAAGUAUCGUUUUCAAACAGAACAAAGAACA,.......((((((......))))))......................................................,-8.931000099,-8.821799994,-8.576000063,-8.290999985,-8.559200001,-8.426799984,-8.451800036,-8.627400007,-8.989200048,-8.928999977,-8.665800052,-9.098199997,-8.976999965,-9.339600029,-9.126799955,-9.294599981,-9.31500001,-9.236200008,-9.497600002,-9.76880002,-9.508400035,-10.17039996,-10.28720002,-10.72540004,-10.60659997,-10.47280002,-10.48319998,-10.46159997,-11.61280003,-12.25899998,-12.85599996,-13.0126,-13.36439999,-13.45239998,-13.67299999,-13.72900001,-13.93519999,-14.08279999,-13.85059999,-13.91759998,-13.95139999,-13.70639997,-13.84259999,-13.89959997,-13.76659998,-14.06060001
27,UCUAGAACCCGCCAUAUACGGCGGGACACACACAACGAGGCAUAUGAAACAGAACAAAGAACAGAUCACCAAACAGAA,.......((((((......)))))).....................................................,-9.449000063,-9.28800005,-8.979800057,-9.196200013,-8.447200022,-8.973999968,-8.670200005,-9.025200014,-8.69219996,-8.900199966,-8.753400078,-9.331600018,-8.746199989,-8.976600027,-9.159599991,-9.157200041,-9.114200001,-9.007000027,-8.877199955,-9.027000017,-9.531599979,-9.226599951,-9.317000008,-8.725200055,-8.428799944,-8.888400002,-8.977999992,-9.129800038,-9.003199978,-8.021999969,-8.802999992,-9.002599974,-8.863400011,-8.706800013,-9.070599976,-8.879799967,-9.096800003,-8.90079998,-8.685000019,-9.132000027,-9.384400005,-9.100999956,-9.483599987,-9.270199971,-9.198000031,-8.970799894
28,UCUAGAACCCGCCAUAUACGGCGGGACACACACAACGAGGCAUAUGAAACCAUAUACCUCGAAACAGAACAAAGAACA,.......((((((......)))))).....................................................,-10.20020007,-10.68940004,-11.68819998,-10.98299993,-12.2738,-12.41480002,-13.05419997,-12.98479999,-13.20679996,-13.55019994,-16.0658,-17.69479986,-17.55359991,-18.74319971,-19.43179982,-20.1087998,-19.98639987,-20.1279998,-20.3243998,-20.39339981,-20.80359978,-20.72819973,-20.73659973,-20.4523999,-20.74579971,-20.39259991,-20.52759983,-20.65599983,-20.49739986,-20.54839993,-20.73599979,-20.67579975,-20.5557999,-20.52759983,-20.87199982,-20.69499973,-20.77019978,-20.59119972,-20.45739986,-20.63019985,-20.6893998,-20.63259975,-20.56199989,-20.7179998,-20.60939987,-20.58519978
29,UCUAGAACCCGCCAUAUACGGCGGGACACACACAACGAGGCAUAUGAACAUUACCCGUUUAUACGUUUCGAAACAGAA,.......((((((......)))))).....................................................,-9.510000072,-9.602199993,-9.999799967,-9.710399992,-9.89140007,-10.0224,-10.3022,-10.45519998,-10.40919997,-10.04480001,-10.46820004,-10.64039996,-11.43559996,-12.57980001,-12.55540007,-12.25160006,-12.29980006,-12.69700004,-12.87700008,-14.14680006,-15.0652001,-15.31160013,-15.20700008,-15.42540009,-15.49160009,-15.46520012,-15.58080006,-15.57640012,-16.0442001,-15.87820002,-15.91920007,-16.57600014,-16.26660013,-16.32680008,-16.60200001,-16.94240015,-16.66540013,-17.94420019,-18.5464002,-18.7920002,-18.67020021,-18.58360016,-18.66340017,-18.54260017,-18.7514002,-18.52480015
30,UCUAGAACCCGCCAUAUACGGCGGGACACACACAACGAGGCAUAUGGCCUCGAAACAGAACAAAGAACAGAUCACCAA,.......((((((......)))))).....................................................,-11.815,-13.77219989,-14.42039995,-14.51559992,-15.18679989,-15.42039984,-15.49959995,-16.00139984,-15.78959996,-16.1827998,-16.8701998,-17.04099992,-17.53459984,-17.37680013,-17.77359997,-18.01259998,-17.8062001,-17.94739985,-17.95099987,-18.04379997,-18.27799986,-18.54799995,-18.50299994,-18.79960005,-18.83399981,-18.8331999,-18.73539986,-18.64299969,-18.64879992,-18.5121999,-18.46319992,-18.54079992,-18.81379997,-18.79419991,-18.70639982,-18.40139996,-18.48819998,-18.75939987,-18.89639992,-18.63099991,-18.47879995,-18.45839996,-18.59939983,-18.64300007,-18.11139997,-18.54320005
31,UCUAGAACCCGCCAUAUACGGCGGGACACACACAACGAGGCAUAUGAAUAACUUAUACGUCUCGAAACAGAACAAAGA,.......((((((......))))))..................................(((......))).......,-9.888199816,-9.514399905,-9.45119997,-9.532599993,-9.476599922,-9.385199993,-9.274399972,-9.456200008,-9.39119997,-9.466800027,-9.938000093,-10.66180009,-10.80060005,-10.40600011,-11.08340018,-11.21640014,-11.65000015,-11.79440019,-11.81500022,-12.94280027,-14.45600038,-15.35360047,-16.13160048,-16.24600042,-16.78680057,-17.14060058,-17.78140066,-17.67180058,-18.46520069,-18.40140064,-18.5838007,-18.31760067,-18.25280058,-18.41900063,-18.35360064,-18.47560068,-18.24060061,-18.05240057,-18.33680059,-18.35120066,-18.50540068,-18.22600058,-18.46640068,-18.34340065,-18.43000061,-18.2322006
32,UCUAGAACCCGCCAUAUACGGCGGGACACACACAACGAGGCAUAUGGUCUCGAAACAGAACAAAGAACAGAUCACCAA,.......((((((......)))))).....................................................,-9.388399954,-10.05339997,-10.40719997,-10.63779998,-10.60119994,-11.4435998,-11.46019987,-11.57859987,-11.87279981,-11.67719981,-12.39419977,-12.22619986,-12.63859983,-12.97919983,-12.96159984,-12.73419986,-12.9355998,-12.86219995,-12.92239991,-13.67319983,-14.11119975,-14.3197998,-14.51999973,-14.40679976,-14.51079986,-15.17399975,-15.07639971,-14.96779976,-15.26119987,-15.35539976,-15.39399967,-15.45879984,-15.43739973,-15.75159973,-15.91319975,-15.79559977,-15.73959972,-15.85079967,-15.92819983,-15.68999973,-16.02299978,-16.01399973,-16.11659964,-15.99019972,-16.18499964,-16.08059971
33,UCUAGAACCCGCCAUAUACGGCGGGACACACACAACGAGGCAUAUGUAUCAGACAUAUAUUUCGAAACAGAACAAAGA,.......((((((......)))))).....................................................,-9.131200047,-9.64600008,-9.336200066,-9.945400043,-10.21599999,-10.17700003,-10.52940005,-10.31059992,-11.0502,-11.20879999,-11.74219997,-12.3272,-12.48960007,-12.52100002,-12.90760004,-13.60660006,-12.88479999,-13.44119995,-13.35260002,-13.23779999,-14.14580008,-14.25680004,-14.20480012,-14.36760006,-15.18440012,-15.26480007,-15.67800011,-15.92560013,-16.3212002,-15.68260015,-16.14660013,-16.2700001,-16.25080017,-16.3454002,-16.11880016,-16.29980017,-16.11500013,-16.26400013,-16.44400024,-16.26480013,-16.31780014,-16.40260015,-16.4704002,-16.14820023,-16.1394002,-16.23460018
34,UCUAGAACCCGCCAUAUACGGCGGGACACACACAACGAGGCAUAUGGUUUCGAAACAGAACAAAGAACAGAUCACCAA,.......((((((......)))))).....................................................,-8.997400064,-9.427800035,-9.063399987,-9.057999988,-9.400800037,-9.413799982,-9.8646,-9.686599989,-9.766000009,-10.1678,-10.49240004,-10.88520003,-10.83020005,-10.82040001,-10.97720005,-10.61960011,-10.9694,-11.08000003,-10.91200007,-11.2418,-11.58640004,-11.74620001,-11.91620001,-12.24920004,-12.29900009,-11.68680008,-12.41420008,-12.19340003,-13.0852001,-12.69180014,-13.15200008,-12.67260007,-13.2070001,-13.3836001,-13.43320005,-13.36000008,-13.51300009,-13.26920006,-13.21460014,-13.4218001,-13.64820005,-13.61180016,-13.15340012,-13.68300007,-13.39020012,-13.33780008
35,UCUAGAACCCGCCAUAUACGGCGGGACACACACAACGAGGCAUAUGACACAAUUAUAUAUUUCGAAACAGAACAAAGA,.......((((((......)))))).....................................................,-9.487000036,-9.57620007,-9.269400053,-9.387600002,-9.415800066,-9.415599985,-9.416799984,-9.943599997,-9.637600026,-10.17620009,-9.3748,-9.784599991,-10.44300003,-10.41159997,-11.03740005,-10.8252,-11,-11.10099998,-10.95499999,-11.537,-12.046,-12.68420004,-12.79819998,-12.94939999,-13.05360001,-12.90919992,-12.88199995,-12.80179997,-12.66039996,-13.08839998,-13.06559998,-13.09919996,-12.80439997,-12.87119993,-12.99479998,-13.04779997,-13.06600001,-12.48139997,-12.8624,-12.83579996,-13.28679998,-13.14739994,-13.02519997,-12.89999996,-12.99139996,-13.23319998
